{
  "question_q1": {
    "0": {
      "q": [
        3.8224093188794335,
        4.678125148203263,
        1.9595768770671798
      ],
      "j_e": [
        [
          0,
          0.6294278502464294,
          0.6294278502464294
        ],
        [
          0,
          -0.7770589590072632,
          -0.7770589590072632
        ],
        [
          1,
          6.123234262925839e-17,
          6.123234262925839e-17
        ],
        [
          0.33526471946730774,
          -0.13430805200752247,
          0.19574816606843404
        ],
        [
          -0.24072727979770422,
          -0.10879126669343292,
          0.1585585571467349
        ],
        [
          0,
          -0.398084241082034,
          -0.4126435209019729
        ]
      ]
    },
    "1": {
      "q": [
        4.244402518624874,
        2.359966655769566,
        2.3703254016129063
      ],
      "j_e": [
        [
          0,
          0.8924784064292908,
          0.8924784064292908
        ],
        [
          0,
          -0.45109015703201294,
          -0.45109015703201294
        ],
        [
          1,
          6.123234262925839e-17,
          6.123234262925839e-17
        ],
        [
          -0.12948165364725844,
          -0.078175926446475,
          -0.21322538799592874
        ],
        [
          0.18757641984913626,
          -0.15467046923644576,
          -0.4218647902693399
        ],
        [
          0,
          0.20017345659418423,
          -0.10147840266374619
        ]
      ]
    },
    "2": {
      "q": [
        4.919513838541299,
        5.930162801567281,
        5.928243189483415
      ],
      "j_e": [
        [
          0,
          0.9786262512207031,
          0.9786262512207031
        ],
        [
          0,
          0.2056470662355423,
          0.2056470662355423
        ],
        [
          1,
          6.123234262925839e-17,
          6.123234262925839e-17
        ],
        [
          0.7797509670219498,
          0.07913365747419703,
          0.0489163740214179
        ],
        [
          0.275236337437373,
          -0.3765785526483339,
          -0.23278157383028292
        ],
        [
          0,
          -0.8196863110578203,
          -0.4208951944623
        ]
      ]
    },
    "3": {
      "q": [
        5.222479038106999,
        1.5868059277369608,
        5.823780088834065
      ],
      "j_e": [
        [
          0,
          0.8727005124092102,
          0.8727005124092102
        ],
        [
          0,
          0.4882558286190033,
          0.4882558286190033
        ],
        [
          1,
          6.123234262925839e-17,
          6.123234262925839e-17
        ],
        [
          0.04515452300604719,
          -0.43620583748990244,
          -0.22872370276194148
        ],
        [
          0.15016257428575733,
          0.7796672063701613,
          0.4088170194814738
        ],
        [
          0,
          -0.11272412750042593,
          -0.11952791703950862
        ]
      ]
    },
    "4": {
      "q": [
        1.1898566303805025,
        0.4889870970674915,
        6.264730784487228
      ],
      "j_e": [
        [
          0,
          -0.9283156991004944,
          -0.9283156991004944
        ],
        [
          0,
          0.3717929720878601,
          0.3717929720878601
        ],
        [
          1,
          6.123234262925839e-17,
          6.123234262925839e-17
        ],
        [
          -0.7422425410968618,
          -0.18501071145391138,
          -0.11078742366093113
        ],
        [
          0.1798532142113156,
          -0.46194619274253224,
          -0.27662089487543073
        ],
        [
          0,
          -0.7559035644916403,
          -0.38070968556503454
        ]
      ]
    },
    "5": {
      "q": [
        4.353728827599354,
        3.7798280786202985,
        0.09986395526834678
      ],
      "j_e": [
        [
          0,
          0.9363679885864258,
          0.9363679885864258
        ],
        [
          0,
          -0.351019948720932,
          -0.351019948720932
        ],
        [
          1,
          6.123234262925839e-17,
          6.123234262925839e-17
        ],
        [
          -0.5513874509563311,
          -0.2250875858503118,
          -0.13620717937665505
        ],
        [
          0.3231080169876761,
          -0.6004354190878,
          -0.3633412945580078
        ],
        [
          0,
          0.6297189179381123,
          0.2883808859691299
        ]
      ]
    },
    "6": {
      "q": [
        4.106738439310221,
        4.7322193377620065,
        2.3652509694376938
      ],
      "j_e": [
        [
          0,
          0.8221319317817688,
          0.8221319317817688
        ],
        [
          0,
          -0.5692970156669617,
          -0.5692970156669617
        ],
        [
          1,
          6.123234262925839e-17,
          6.123234262925839e-17
        ],
        [
          0.28110040350053805,
          -0.009143021197786988,
          0.23276063919661202
        ],
        [
          -0.06206987321976687,
          -0.01320359930369914,
          0.3361337731961963
        ],
        [
          0,
          -0.26643781134137196,
          -0.25801046179181564
        ]
      ]
    },
    "7": {
      "q": [
        3.4354559547267396,
        3.302709203181508,
        5.841914906990491
      ],
      "j_e": [
        [
          0,
          0.2896520793437958,
          0.2896520793437958
        ],
        [
          0,
          -0.9571319818496704,
          -0.9571319818496704
        ],
        [
          1,
          6.123234262925839e-17,
          6.123234262925839e-17
        ],
        [
          -0.1566908077606899,
          -0.02524082521933551,
          0.040015158404041684
        ],
        [
          0.8940857576235985,
          -0.007638505083703376,
          0.012109587869588602
        ],
        [
          0,
          0.9011438914197817,
          0.48164816820651096
        ]
      ]
    },
    "8": {
      "q": [
        2.961383083579035,
        4.753838753296246,
        5.715546068259566
      ],
      "j_e": [
        [
          0,
          -0.17923575639724731,
          -0.17923575639724731
        ],
        [
          0,
          -0.9838061332702637,
          -0.9838061332702637
        ],
        [
          1,
          6.123234262925839e-17,
          6.123234262925839e-17
        ],
        [
          0.13237230875312883,
          -0.8673195144080171,
          -0.4495610368628958
        ],
        [
          0.11844005043731654,
          0.1580135190723688,
          0.0819037509158487
        ],
        [
          0,
          0.1402478989304884,
          0.15785900819863122
        ]
      ]
    },
    "9": {
      "q": [
        3.956693607905653,
        1.7321361516716756,
        1.6630513661985533
      ],
      "j_e": [
        [
          0,
          0.7277948260307312,
          0.7277948260307312
        ],
        [
          0,
          -0.6857949495315552,
          -0.6857949495315552
        ],
        [
          1,
          6.123234262925839e-17,
          6.123234262925839e-17
        ],
        [
          -0.2921997311239926,
          0.14431001311026728,
          -0.14336759453631487
        ],
        [
          0.42510481892331875,
          0.15314793577558555,
          -0.15214780102314038
        ],
        [
          0,
          0.504196190318751,
          0.43592386025174273
        ]
      ]
    }
  },
  "question_q2": {
    "0": {
      "q": [
        2.6533254376788977,
        5.306434615586689,
        0.9496698017895774
      ],
      "flag": false
    },
    "1": {
      "q": [
        3.919334233789995,
        5.415299415089324,
        3.648435119516639
      ],
      "flag": false
    },
    "2": {
      "q": [
        2.1142222984785075,
        0.8669697723334359,
        2.7499559460510943
      ],
      "flag": true
    },